{"cameraMode":{"drawMode":0,"name":"Shaded","section":"Shading Mode"},"sceneLighting":false,"audioPlay":false,"sceneViewState":{"showFog":true,"showMaterialUpdate":false,"showSkybox":false,"showFlares":true,"showImageEffects":true,"showParticleSystems":true},"in2DMode":false,"pivot":{"x":-0.07742786407470703,"y":7.3712921142578129,"z":-0.30755773186683657},"rotation":{"x":-0.14587973058223725,"y":0.6186689734458923,"z":-0.11842602491378784,"w":-0.7630012631416321},"size":15.920119285583496,"orthographic":true}