{"cameraMode":{"drawMode":0,"name":"Shaded","section":"Shading Mode"},"sceneLighting":true,"audioPlay":false,"sceneViewState":{"showFog":true,"showMaterialUpdate":false,"showSkybox":true,"showFlares":true,"showImageEffects":true,"showParticleSystems":true},"in2DMode":false,"pivot":{"x":-28.988811492919923,"y":-0.21849822998046876,"z":136.20213317871095},"rotation":{"x":-0.18219061195850373,"y":0.8088096976280212,"z":-0.3229082226753235,"w":-0.45657026767730715},"size":29.743480682373048,"orthographic":false}